Pos	XPEHH	iHS	DiHH	Fst	DDAF	nSL	iSAFE
250006	-1.46969419	-0.136031872	0.024475627	-0.366310194	-0.143620922	0	0
250052	-1.448215026	-0.136031872	0.024475627	-0.675996211	0.237780319	0	0
250123	-1.373392343	-0.136031872	0.024475627	-0.149386939	-0.424278196	0	0
250221	-1.445792368	-2.95914	0.0991124	0.344573303	-0.21547213	-0.656169	1.735354
250248	-1.34395278	-2.95914	0.0991124	0.27775289	-0.216205145	0.320554	-0.515911
250249	-1.322403449	-0.136031872	0.024475627	1.508535397	1.47618082	0	0
250354	-1.351513749	-2.95914	0.0991124	0.27775289	-0.216205145	0.321568	-0.515911
250607	-1.309981755	-2.95914	0.0991124	0.575230699	0.087934227	-0.230922	1.066933
250629	-1.14883943	-0.136031872	0.024475627	1.508535397	1.47618082	0	0
250689	-1.263138593	-0.136031872	0.024475627	0.056248069	-0.544861781	0	-0.568523
250699	-1.238166534	-0.136031872	0.024475627	-0.149386939	-0.424278196	0	0
250974	-1.259611563	-0.136031872	0.024475627	0.056248069	-0.544861781	0	-0.568523
251022	-1.254411382	-0.136031872	0.024475627	0.056248069	-0.544861781	0	-0.568523
251091	-1.262484309	-0.136031872	0.024475627	0.229244604	-0.360511248	0	-0.568523
251208	-1.230578304	-0.136031872	0.024475627	-0.113689438	-0.470098898	0	0
251604	-1.171882181	-0.136031872	0.024475627	-0.50452919	0.055184795	0	0
251609	-1.309078355	-0.136031872	0.024475627	-0.149386939	-0.424278196	0	0
251931	-1.248712446	-0.136031872	0.024475627	-1.511360981	1.363004727	0	0
252321	-1.216981787	-0.136031872	0.024475627	-0.060603167	-0.53006734	0	0
252576	-0.867866317	-0.136031872	0.024475627	-0.119793542	-0.461519127	0	0
252721	-0.898931812	-0.136031872	0.024475627	0.056248069	-0.544861781	0	-0.568523
252862	-0.901548851	-0.136031872	0.024475627	0.056248069	-0.544861781	0	-0.568523
253027	-0.786562668	-0.136031872	0.024475627	-1.511360981	1.363004727	0	0
253163	-1.076497009	-2.06649	0.0350193	1.036538514	0.710794896	0.206463	-0.328471
253164	-0.910969246	-0.136031872	0.024475627	0.113915906	-0.492240938	0	0.622745
253183	-0.897549806	-0.136031872	0.024475627	0.056248069	-0.544861781	0	-0.568523
253211	-0.918163735	-0.136031872	0.024475627	0.229244604	-0.360511248	0	-0.568523
253311	-0.914657755	-0.136031872	0.024475627	-0.029480255	-0.558518896	0	0
253439	-0.872685558	-0.136031872	0.024475627	-0.060603167	-0.53006734	0	0
253479	-0.912777943	-0.136031872	0.024475627	0.229244604	-0.360511248	0	-0.568523
253493	-0.851211135	-0.136031872	0.024475627	-0.060603167	-0.53006734	0	0
253555	-0.953368134	-0.136031872	0.024475627	0.113915906	-0.492240938	0	0.754308
253669	-0.862115467	-0.136031872	0.024475627	1.508535397	1.47618082	0	0
253803	-0.895973419	-0.136031872	0.024475627	-0.029480255	-0.558518896	0	0
253900	-0.880185842	-0.136031872	0.024475627	-0.031006189	-0.557449661	0	0
253949	-0.884497794	-0.136031872	0.024475627	-0.119793542	-0.461519127	0	0
254043	-0.936385822	-0.136031872	0.024475627	-1.511360981	1.363004727	0	0
254102	-0.953280425	-0.136031872	0.024475627	-0.787345918	0.421013655	0	0
254173	-0.969928496	-0.136031872	0.024475627	0.056248069	-0.544861781	0	-0.568523
254231	-0.943129915	-0.136031872	0.024475627	-1.511360981	1.363004727	0	0
254238	-0.943129915	-0.136031872	0.024475627	1.508535397	1.47618082	0	0
254482	-0.978886642	-0.136031872	0.024475627	-0.119793542	-0.461519127	0	0
254650	-1.01333722	-0.136031872	0.024475627	-0.029480255	-0.558518896	0	0
254706	-1.154741993	-2.95914	0.0991124	0.575230699	0.087934227	-0.002287	1.066933
254974	-0.995771763	-0.136031872	0.024475627	1.508535397	1.47618082	0	0
255125	-0.903746311	-0.136031872	0.024475627	-0.060603167	-0.53006734	0	0
255130	-0.917945648	-0.136031872	0.024475627	1.508535397	1.47618082	0	0
255181	-0.907821213	-0.136031872	0.024475627	-0.031006189	-0.557449661	0	0
255221	-0.945607094	-0.136031872	0.024475627	0.056248069	-0.544861781	0	-0.568523
